Code,License Type,Indicator Name,Short definition,Long definition,Source,Topic,Dataset,Unit of measure,Periodicity,Reference period,Aggregation method,License URL
fin22a.c.MM.d,CC BY-4.0,Borrowed any money from a formal financial institution or using a mobile money account (% age 15+),"The percentage of respondents who report borrowing any money from a bank or another type of financial institution, or using a credit card, or using a mobile money account in the past year.","The percentage of respondents who report borrowing any money from a bank or another type of financial institution, or using a credit card, or using a mobile money account in the past year.",Global Findex database,Usage,Global Findex,Percent,Triennial,2021 variable,Weighted average,https://datacatalog.worldbank.org/public-licenses#cc-by
fin22a.c.MM.d.1,CC BY-4.0,"Borrowed any money from a formal financial institution or using a mobile money account, female (% age 15+)","The percentage of respondents who report borrowing any money from a bank or another type of financial institution or using a credit card in the past year, female (% age 15+)","The percentage of respondents who report borrowing any money from a bank or another type of financial institution or using a credit card in the past year, female (% age 15+)",Global Findex database,Usage,Global Findex,Percent,Triennial,2021 variable,Weighted average,https://datacatalog.worldbank.org/public-licenses#cc-by
fin22a.c.MM.d.12,CC BY-4.0,"Borrowed any money from a formal financial institution or using a mobile money account, in labor force (% age 15+)","The percentage of respondents who report borrowing any money from a bank or another type of financial institution or using a credit card in the past year, in labor force (% age 15+)","The percentage of respondents who report borrowing any money from a bank or another type of financial institution or using a credit card in the past year, in labor force (% age 15+)",Global Findex database,Usage,Global Findex,Percent,Triennial,2021 variable,Weighted average,https://datacatalog.worldbank.org/public-licenses#cc-by
fin22a.c.MM.d.7,CC BY-4.0,"Borrowed any money from a formal financial institution or using a mobile money account, income, poorest 40% (% ages 15+)","The percentage of respondents who report borrowing any money from a bank or another type of financial institution or using a credit card in the past year, poorest 40% (% ages 15+)","The percentage of respondents who report borrowing any money from a bank or another type of financial institution or using a credit card in the past year, poorest 40% (% ages 15+)",Global Findex database,Usage,Global Findex,Percent,Triennial,2021 variable,Weighted average,https://datacatalog.worldbank.org/public-licenses#cc-by
fin22a.c.MM.d.8,CC BY-4.0,"Borrowed any money from a formal financial institution or using a mobile money account, income, richest 60% (% ages 15+)","The percentage of respondents who report borrowing any money from a bank or another type of financial institution or using a credit card in the past year, richest 60% (% ages 15+)","The percentage of respondents who report borrowing any money from a bank or another type of financial institution or using a credit card in the past year, richest 60% (% ages 15+)",Global Findex database,Usage,Global Findex,Percent,Triennial,2021 variable,Weighted average,https://datacatalog.worldbank.org/public-licenses#cc-by
fin22a.c.MM.d.2,CC BY-4.0,"Borrowed any money from a formal financial institution or using a mobile money account, male (% age 15+)","The percentage of respondents who report borrowing any money from a bank or another type of financial institution or using a credit card in the past year, male (% age 15+)","The percentage of respondents who report borrowing any money from a bank or another type of financial institution or using a credit card in the past year, male (% age 15+)",Global Findex database,Usage,Global Findex,Percent,Triennial,2021 variable,Weighted average,https://datacatalog.worldbank.org/public-licenses#cc-by
fin22a.c.MM.d.4,CC BY-4.0,"Borrowed any money from a formal financial institution or using a mobile money account, older (% age 25+)","The percentage of respondents who report borrowing any money from a bank or another type of financial institution or using a credit card in the past year, older (% age 25+)","The percentage of respondents who report borrowing any money from a bank or another type of financial institution or using a credit card in the past year, older (% age 25+)",Global Findex database,Usage,Global Findex,Percent,Triennial,2021 variable,Weighted average,https://datacatalog.worldbank.org/public-licenses#cc-by
fin22a.c.MM.d.11,CC BY-4.0,"Borrowed any money from a formal financial institution or using a mobile money account, out of labor force (% age 15+)","The percentage of respondents who report borrowing any money from a bank or another type of financial institution or using a credit card in the past year, out of labor force (% age 15+)","The percentage of respondents who report borrowing any money from a bank or another type of financial institution or using a credit card in the past year, out of labor force (% age 15+)",Global Findex database,Usage,Global Findex,Percent,Triennial,2021 variable,Weighted average,https://datacatalog.worldbank.org/public-licenses#cc-by
fin22a.c.MM.d.5,CC BY-4.0,"Borrowed any money from a formal financial institution or using a mobile money account, primary education or less (% ages 15+)","The percentage of respondents who report borrowing any money from a bank or another type of financial institution or using a credit card in the past year, primary education or less (% ages 15+)","The percentage of respondents who report borrowing any money from a bank or another type of financial institution or using a credit card in the past year, primary education or less (% ages 15+)",Global Findex database,Usage,Global Findex,Percent,Triennial,2021 variable,Weighted average,https://datacatalog.worldbank.org/public-licenses#cc-by
fin22a.c.MM.d.9,CC BY-4.0,"Borrowed any money from a formal financial institution or using a mobile money account, rural (% age 15+)","The percentage of respondents who report borrowing any money from a bank or another type of financial institution or using a credit card in the past year, rural (% age 15+)","The percentage of respondents who report borrowing any money from a bank or another type of financial institution or using a credit card in the past year, rural (% age 15+)",Global Findex database,Usage,Global Findex,Percent,Triennial,2021 variable,Weighted average,https://datacatalog.worldbank.org/public-licenses#cc-by
fin22a.c.MM.d.6,CC BY-4.0,"Borrowed any money from a formal financial institution or using a mobile money account, secondary education or more (% ages 15+)","The percentage of respondents who report borrowing any money from a bank or another type of financial institution or using a credit card in the past year, secondary education or more (% ages 15+)","The percentage of respondents who report borrowing any money from a bank or another type of financial institution or using a credit card in the past year, secondary education or more (% ages 15+)",Global Findex database,Usage,Global Findex,Percent,Triennial,2021 variable,Weighted average,https://datacatalog.worldbank.org/public-licenses#cc-by
fin22a.c.MM.d.10,CC BY-4.0,"Borrowed any money from a formal financial institution or using a mobile money account, urban (% age 15+)","The percentage of respondents who report borrowing any money from a bank or another type of financial institution or using a credit card in the past year, urban (% age 15+)","The percentage of respondents who report borrowing any money from a bank or another type of financial institution or using a credit card in the past year, urban (% age 15+)",Global Findex database,Usage,Global Findex,Percent,Triennial,2021 variable,Weighted average,https://datacatalog.worldbank.org/public-licenses#cc-by
fin22a.c.MM.d.3,CC BY-4.0,"Borrowed any money from a formal financial institution or using a mobile money account, young (% ages 15-24)","The percentage of respondents who report borrowing any money from a bank or another type of financial institution or using a credit card in the past year, young (% ages 15-24)","The percentage of respondents who report borrowing any money from a bank or another type of financial institution or using a credit card in the past year, young (% ages 15-24)",Global Findex database,Usage,Global Findex,Percent,Triennial,2021 variable,Weighted average,https://datacatalog.worldbank.org/public-licenses#cc-by
fin13c,CC BY-4.0,Borrowed any money using a mobile money account (% age 15+),The percentage of respondents who report borrowing any money using a mobile money account in the past year.,The percentage of respondents who report borrowing any money using a mobile money account in the past year.,Global Findex database,Usage,Global Findex,Percent,Triennial,2021 variable,Weighted average,https://datacatalog.worldbank.org/public-licenses#cc-by
fin13d,CC BY-4.0,"Can use a mobile money account without help from anyone, including a mobile money agent (% age 15+)",The percentage of respondents who report that they can use a mobile money account without help.,The percentage of respondents who report that they can use a mobile money account without the help of another person or a mobile money agent.,Global Findex database,Usage,Global Findex,Percent,Triennial,2021 variable,Weighted average,https://datacatalog.worldbank.org/public-licenses#cc-by
fin13d.s,CC BY-4.0,"Can use a mobile money account without help from anyone, including a mobile money agent (% with a mobile money account, age 15+)","Among respondents who report having a mobile money account, the percentage who can use it without help.","Among respondents who report having a mobile money account, the percentage who can use it without help.",Global Findex database,Usage,Global Findex,Percent,Triennial,2021 variable,Weighted average,https://datacatalog.worldbank.org/public-licenses#cc-by
fin14.1.d,CC BY-4.0,Made a digital in-store merchant payment: using a mobile phone (% age 15+),"The percentage of respondents who report that after COVID-19 started, they used for the first time a mobile phone to make a purchase in-store.","The percentage of respondents who report that after COVID-19 started, they used for the first time a mobile phone to make a purchase in-store.",Global Findex database,Usage,Global Findex,Percent,Triennial,2021 variable,Weighted average,https://datacatalog.worldbank.org/public-licenses#cc-by
fin14.1.d.1,CC BY-4.0,"Made a digital in-store merchant payment: using a mobile phone, female (% age 15+)","Among respondents who report using a debit or credit card, or a mobile phone, to make a purchase in-store, the percentage who report doing so for the first time after COVID-19 started, female (% age 15+)","Among respondents who report using a debit or credit card, or a mobile phone, to make a purchase in-store, the percentage who report doing so for the first time after COVID-19 started, female (% age 15+)",Global Findex database,Usage,Global Findex,Percent,Triennial,2021 variable,Weighted average,https://datacatalog.worldbank.org/public-licenses#cc-by
fin14.1.d.12,CC BY-4.0,"Made a digital in-store merchant payment: using a mobile phone, in labor force (% age 15+)","Among respondents who report using a debit or credit card, or a mobile phone, to make a purchase in-store, the percentage who report doing so for the first time after COVID-19 started, in labor force (% age 15+)","Among respondents who report using a debit or credit card, or a mobile phone, to make a purchase in-store, the percentage who report doing so for the first time after COVID-19 started, in labor force (% age 15+)",Global Findex database,Usage,Global Findex,Percent,Triennial,2021 variable,Weighted average,https://datacatalog.worldbank.org/public-licenses#cc-by
fin14.1.d.7,CC BY-4.0,"Made a digital in-store merchant payment: using a mobile phone, income, poorest 40% (% ages 15+)","Among respondents who report using a debit or credit card, or a mobile phone, to make a purchase in-store, the percentage who report doing so for the first time after COVID-19 started, poorest 40% (% ages 15+)","Among respondents who report using a debit or credit card, or a mobile phone, to make a purchase in-store, the percentage who report doing so for the first time after COVID-19 started, poorest 40% (% ages 15+)",Global Findex database,Usage,Global Findex,Percent,Triennial,2021 variable,Weighted average,https://datacatalog.worldbank.org/public-licenses#cc-by
fin14.1.d.8,CC BY-4.0,"Made a digital in-store merchant payment: using a mobile phone, income, richest 60% (% ages 15+)","Among respondents who report using a debit or credit card, or a mobile phone, to make a purchase in-store, the percentage who report doing so for the first time after COVID-19 started, richest 60% (% ages 15+)","Among respondents who report using a debit or credit card, or a mobile phone, to make a purchase in-store, the percentage who report doing so for the first time after COVID-19 started, richest 60% (% ages 15+)",Global Findex database,Usage,Global Findex,Percent,Triennial,2021 variable,Weighted average,https://datacatalog.worldbank.org/public-licenses#cc-by
fin14.1.d.2,CC BY-4.0,"Made a digital in-store merchant payment: using a mobile phone, male (% age 15+)","Among respondents who report using a debit or credit card, or a mobile phone, to make a purchase in-store, the percentage who report doing so for the first time after COVID-19 started, male (% age 15+)","Among respondents who report using a debit or credit card, or a mobile phone, to make a purchase in-store, the percentage who report doing so for the first time after COVID-19 started, male (% age 15+)",Global Findex database,Usage,Global Findex,Percent,Triennial,2021 variable,Weighted average,https://datacatalog.worldbank.org/public-licenses#cc-by
fin14.1.d.4,CC BY-4.0,"Made a digital in-store merchant payment: using a mobile phone, older (% age 25+)","Among respondents who report using a debit or credit card, or a mobile phone, to make a purchase in-store, the percentage who report doing so for the first time after COVID-19 started, older (% age 25+)","Among respondents who report using a debit or credit card, or a mobile phone, to make a purchase in-store, the percentage who report doing so for the first time after COVID-19 started, older (% age 25+)",Global Findex database,Usage,Global Findex,Percent,Triennial,2021 variable,Weighted average,https://datacatalog.worldbank.org/public-licenses#cc-by
fin14.1.d.11,CC BY-4.0,"Made a digital in-store merchant payment: using a mobile phone, out of labor force (% age 15+)","Among respondents who report using a debit or credit card, or a mobile phone, to make a purchase in-store, the percentage who report doing so for the first time after COVID-19 started, out of labor force (% age 15+)","Among respondents who report using a debit or credit card, or a mobile phone, to make a purchase in-store, the percentage who report doing so for the first time after COVID-19 started, out of labor force (% age 15+)",Global Findex database,Usage,Global Findex,Percent,Triennial,2021 variable,Weighted average,https://datacatalog.worldbank.org/public-licenses#cc-by
fin14.1.d.5,CC BY-4.0,"Made a digital in-store merchant payment: using a mobile phone, primary education or less (% ages 15+)","Among respondents who report using a debit or credit card, or a mobile phone, to make a purchase in-store, the percentage who report doing so for the first time after COVID-19 started, primary education or less (% ages 15+)","Among respondents who report using a debit or credit card, or a mobile phone, to make a purchase in-store, the percentage who report doing so for the first time after COVID-19 started, primary education or less (% ages 15+)",Global Findex database,Usage,Global Findex,Percent,Triennial,2021 variable,Weighted average,https://datacatalog.worldbank.org/public-licenses#cc-by
fin14.1.d.9,CC BY-4.0,"Made a digital in-store merchant payment: using a mobile phone, rural (% age 15+)","Among respondents who report using a debit or credit card, or a mobile phone, to make a purchase in-store, the percentage who report doing so for the first time after COVID-19 started, rural (% age 15+)","Among respondents who report using a debit or credit card, or a mobile phone, to make a purchase in-store, the percentage who report doing so for the first time after COVID-19 started, rural (% age 15+)",Global Findex database,Usage,Global Findex,Percent,Triennial,2021 variable,Weighted average,https://datacatalog.worldbank.org/public-licenses#cc-by
fin14.1.d.6,CC BY-4.0,"Made a digital in-store merchant payment: using a mobile phone, secondary education or more (% ages 15+)","Among respondents who report using a debit or credit card, or a mobile phone, to make a purchase in-store, the percentage who report doing so for the first time after COVID-19 started, secondary education or more (% ages 15+)","Among respondents who report using a debit or credit card, or a mobile phone, to make a purchase in-store, the percentage who report doing so for the first time after COVID-19 started, secondary education or more (% ages 15+)",Global Findex database,Usage,Global Findex,Percent,Triennial,2021 variable,Weighted average,https://datacatalog.worldbank.org/public-licenses#cc-by
fin14.1.d.10,CC BY-4.0,"Made a digital in-store merchant payment: using a mobile phone, urban (% age 15+)","Among respondents who report using a debit or credit card, or a mobile phone, to make a purchase in-store, the percentage who report doing so for the first time after COVID-19 started, urban (% age 15+)","Among respondents who report using a debit or credit card, or a mobile phone, to make a purchase in-store, the percentage who report doing so for the first time after COVID-19 started, urban (% age 15+)",Global Findex database,Usage,Global Findex,Percent,Triennial,2021 variable,Weighted average,https://datacatalog.worldbank.org/public-licenses#cc-by
fin14.1.d.3,CC BY-4.0,"Made a digital in-store merchant payment: using a mobile phone, young (% ages 15-24)","Among respondents who report using a debit or credit card, or a mobile phone, to make a purchase in-store, the percentage who report doing so for the first time after COVID-19 started, young (% ages 15-24)","Among respondents who report using a debit or credit card, or a mobile phone, to make a purchase in-store, the percentage who report doing so for the first time after COVID-19 started, young (% ages 15-24)",Global Findex database,Usage,Global Findex,Percent,Triennial,2021 variable,Weighted average,https://datacatalog.worldbank.org/public-licenses#cc-by
fin31b.t,CC BY-4.0,Made a utility payment: using a mobile phone (% age 15+),"The percentage of respondents who report personally making regular payments for water, electricity, or trash collection in the past year using a mobile phone.","The percentage of respondents who report personally making regular payments for water, electricity, or trash collection in the past year using a mobile phone.",Global Findex database,Usage,Global Findex,Percent,Triennial,2021,Weighted average,https://datacatalog.worldbank.org/public-licenses#cc-by
fin31b.t.s,CC BY-4.0,"Made a utility payment: using a mobile phone (% who paid utility bills, age 15+)","Among respondents reporting personally making regular payments for water, electricity, or trash collection in the past year, the percentage who report making these payments using a mobile phone.","Among respondents reporting personally making regular payments for water, electricity, or trash collection in the past year, the percentage who report making these payments using a mobile phone.",Global Findex database,Usage,Global Findex,Percent,Triennial,2021,Weighted average,https://datacatalog.worldbank.org/public-licenses#cc-by
mobileaccount.t.d,CC BY-4.0,Mobile money account (% age 15+),The percentage of respondents who report personally using a mobile money service in the past year.,The percentage of respondents who report personally using a mobile money service in the past year.,Global Findex database,Access,Global Findex,Percent,Triennial,2021,Weighted average,https://datacatalog.worldbank.org/public-licenses#cc-by
mobileaccount.t.d.1,CC BY-4.0,"Mobile money account, female (% age 15+)","The percentage of respondents who report personally using a mobile money service in the past year, female (% age 15+)","The percentage of respondents who report personally using a mobile money service in the past year, female (% age 15+)",Global Findex database,Access,Global Findex,Percent,Triennial,2021,Weighted average,https://datacatalog.worldbank.org/public-licenses#cc-by
mobileaccount.t.d.12,CC BY-4.0,"Mobile money account, in labor force (% age 15+)","The percentage of respondents who report personally using a mobile money service in the past year, in labor force (% age 15+)","The percentage of respondents who report personally using a mobile money service in the past year, in labor force (% age 15+)",Global Findex database,Access,Global Findex,Percent,Triennial,2021,Weighted average,https://datacatalog.worldbank.org/public-licenses#cc-by
mobileaccount.t.d.7,CC BY-4.0,"Mobile money account, income, poorest 40% (% ages 15+)","The percentage of respondents who report personally using a mobile money service in the past year, poorest 40% (% ages 15+)","The percentage of respondents who report personally using a mobile money service in the past year, poorest 40% (% ages 15+)",Global Findex database,Access,Global Findex,Percent,Triennial,2021,Weighted average,https://datacatalog.worldbank.org/public-licenses#cc-by
mobileaccount.t.d.8,CC BY-4.0,"Mobile money account, income, richest 60% (% ages 15+)","The percentage of respondents who report personally using a mobile money service in the past year, richest 60% (% ages 15+)","The percentage of respondents who report personally using a mobile money service in the past year, richest 60% (% ages 15+)",Global Findex database,Access,Global Findex,Percent,Triennial,2021,Weighted average,https://datacatalog.worldbank.org/public-licenses#cc-by
mobileaccount.t.d.2,CC BY-4.0,"Mobile money account, male (% age 15+)","The percentage of respondents who report personally using a mobile money service in the past year, male (% age 15+)","The percentage of respondents who report personally using a mobile money service in the past year, male (% age 15+)",Global Findex database,Access,Global Findex,Percent,Triennial,2021,Weighted average,https://datacatalog.worldbank.org/public-licenses#cc-by
mobileaccount.t.d.4,CC BY-4.0,"Mobile money account, older (% age 25+)","The percentage of respondents who report personally using a mobile money service in the past year, older (% age 25+)","The percentage of respondents who report personally using a mobile money service in the past year, older (% age 25+)",Global Findex database,Access,Global Findex,Percent,Triennial,2021,Weighted average,https://datacatalog.worldbank.org/public-licenses#cc-by
mobileaccount.t.d.11,CC BY-4.0,"Mobile money account, out of labor force (% age 15+)","The percentage of respondents who report personally using a mobile money service in the past year, out of labor force (% age 15+)","The percentage of respondents who report personally using a mobile money service in the past year, out of labor force (% age 15+)",Global Findex database,Access,Global Findex,Percent,Triennial,2021,Weighted average,https://datacatalog.worldbank.org/public-licenses#cc-by
mobileaccount.t.d.5,CC BY-4.0,"Mobile money account, primary education or less (% ages 15+)","The percentage of respondents who report personally using a mobile money service in the past year, primary education or less (% ages 15+)","The percentage of respondents who report personally using a mobile money service in the past year, primary education or less (% ages 15+)",Global Findex database,Access,Global Findex,Percent,Triennial,2021,Weighted average,https://datacatalog.worldbank.org/public-licenses#cc-by
mobileaccount.t.d.9,CC BY-4.0,"Mobile money account , rural (% age 15+)","The percentage of respondents who report personally using a mobile money service in the past year, rural (% age 15+)","The percentage of respondents who report personally using a mobile money service in the past year, rural (% age 15+)",Global Findex database,Access,Global Findex,Percent,Triennial,2021,Weighted average,https://datacatalog.worldbank.org/public-licenses#cc-by
mobileaccount.t.d.6,CC BY-4.0,"Mobile money account, secondary education or more (% ages 15+)","The percentage of respondents who report personally using a mobile money service in the past year, secondary education or more (% ages 15+)","The percentage of respondents who report personally using a mobile money service in the past year, secondary education or more (% ages 15+)",Global Findex database,Access,Global Findex,Percent,Triennial,2021,Weighted average,https://datacatalog.worldbank.org/public-licenses#cc-by
mobileaccount.t.d.10,CC BY-4.0,"Mobile money account, urban (% age 15+)","The percentage of respondents who report personally using a mobile money service in the past year, urban (% age 15+)","The percentage of respondents who report personally using a mobile money service in the past year, urban (% age 15+)",Global Findex database,Access,Global Findex,Percent,Triennial,2021,Weighted average,https://datacatalog.worldbank.org/public-licenses#cc-by
mobileaccount.t.d.3,CC BY-4.0,"Mobile money account, young (% ages 15-24)","The percentage of respondents who report personally using a mobile money service in the past year, young (% ages 15-24)","The percentage of respondents who report personally using a mobile money service in the past year, young (% ages 15-24)",Global Findex database,Access,Global Findex,Percent,Triennial,2021,Weighted average,https://datacatalog.worldbank.org/public-licenses#cc-by
Own.phone,CC BY-4.0,Own a mobile phone (% age 15+),The percentage of respondents who report owning a mobile phone.,The percentage of respondents who report owning a mobile phone.,Global Findex database,Access,Global Findex,Percent,Triennial,2021 variable,Weighted average,https://datacatalog.worldbank.org/public-licenses#cc-by
fin34c.2014,CC BY-4.0,Paid school fees: using a mobile phone (% age 15+),The percentage of respondents who report personally making regular payments for school fees in the past year using a mobile phone.,The percentage of respondents who report personally making regular payments for school fees in the past year using a mobile phone.,Global Findex database,Usage,Global Findex,Percent,Triennial,2014,Weighted average,https://datacatalog.worldbank.org/public-licenses#cc-by
fin34c.2014.s,CC BY-4.0,"Paid school fees: using a mobile phone (% paying school fees, age 15+)","Among respondents reporting that they personally made regular payments for school fees in the past year, the percentage who report making these payments using a mobile phone.","Among respondents reporting that they personally made regular payments for school fees in the past year, the percentage who report making these payments using a mobile phone.",Global Findex database,Usage,Global Findex,Percent,Triennial,2014,Weighted average,https://datacatalog.worldbank.org/public-licenses#cc-by
fin13.1b,CC BY-4.0,Reason for not having a mobile money account: available mobile money products are too expensive (% age 15+),The percentage of respondents who report that they don't have a mobile money account because mobile money products are too expensive.,The percentage of respondents who report that they don't have a mobile money account because mobile money products are too expensive.,Global Findex database,Access,Global Findex,Percent,Triennial,2021 variable,Weighted average,https://datacatalog.worldbank.org/public-licenses#cc-by
fin13.1b.s,CC BY-4.0,"Reason for not having a mobile money account: available mobile money products are too expensive (% without an account, age 15+)","Among respondents who report having no account, the percentage who report that they don't have a mobile money account because mobile money products are too expensive.","Among respondents who report having no account, the percentage who report that they don't have a mobile money account because mobile money products are too expensive.",Global Findex database,Access,Global Findex,Percent,Triennial,2021 variable,Weighted average,https://datacatalog.worldbank.org/public-licenses#cc-by
fin13.1f,CC BY-4.0,Reason for not having a mobile money account: do not have their own mobile phone (% age 15+),The percentage of respondents who report not having a mobile money account because they do not have their own mobile phone.,The percentage of respondents who report not having a mobile money account because they do not have their own mobile phone.,Global Findex database,Access,Global Findex,Percent,Triennial,2021 variable,Weighted average,https://datacatalog.worldbank.org/public-licenses#cc-by
fin13.1f.s,CC BY-4.0,"Reason for not having a mobile money account: do not have their own mobile phone (% without an account, age 15+)","Among respondents who report having no account, the percentage who report not having a mobile money account because they do not have their own mobile phone.","Among respondents who report having no account, the percentage who report not having a mobile money account because they do not have their own mobile phone.",Global Findex database,Access,Global Findex,Percent,Triennial,2021 variable,Weighted average,https://datacatalog.worldbank.org/public-licenses#cc-by
fin13.1d,CC BY-4.0,Reason for not having a mobile money account: don't have enough money to use a mobile money account (% age 15+),The percentage of respondents who report not having a mobile money account because they do not have enough money to use one.,The percentage of respondents who report not having a mobile money account because they do not have enough money to use one.,Global Findex database,Access,Global Findex,Percent,Triennial,2021 variable,Weighted average,https://datacatalog.worldbank.org/public-licenses#cc-by
fin13.1d.s,CC BY-4.0,"Reason for not having a mobile money account: don't have enough money to use a mobile money account (% without an account, age 15+)","Among respondents who report having no account, the percentage who report not having a mobile money account because they do not have enough money to use one.","Among respondents who report having no account, the percentage who report not having a mobile money account because they do not have enough money to use one.",Global Findex database,Access,Global Findex,Percent,Triennial,2021 variable,Weighted average,https://datacatalog.worldbank.org/public-licenses#cc-by
fin13.1c,CC BY-4.0,Reason for not having a mobile money account: don't have the necessary documentation (% age 15+),The percentage of respondents who report not having a mobile money account because they don't have the necessary documentation.,The percentage of respondents who report not having a mobile money account because they don't have the necessary documentation.,Global Findex database,Access,Global Findex,Percent,Triennial,2021 variable,Weighted average,https://datacatalog.worldbank.org/public-licenses#cc-by
fin13.1c.s,CC BY-4.0,"Reason for not having a mobile money account: don't have the necessary documentation (% without an account, age 15+)","Among respondents who report having no account, the percentage who report not having a mobile money account because they don't have the necessary documentation.","Among respondents who report having no account, the percentage who report not having a mobile money account because they don't have the necessary documentation.",Global Findex database,Access,Global Findex,Percent,Triennial,2021 variable,Weighted average,https://datacatalog.worldbank.org/public-licenses#cc-by
fin13.1a,CC BY-4.0,Reason for not having a mobile money account: mobile money agents are too far away (% age 15+),The percentage of respondents who report not having a mobile money account because mobile money agents are too far away.,The percentage of respondents who report not having a mobile money account because mobile money agents are too far away.,Global Findex database,Access,Global Findex,Percent,Triennial,2021 variable,Weighted average,https://datacatalog.worldbank.org/public-licenses#cc-by
fin13.1a.s,CC BY-4.0,"Reason for not having a mobile money account: mobile money agents are too far away (% without an account, age 15+)","Among respondents who report having no account, the percentage who report not having a mobile money account because mobile money agents are too far away.","Among respondents who report having no account, the percentage who report not having a mobile money account because mobile money agents are too far away.",Global Findex database,Access,Global Findex,Percent,Triennial,2021 variable,Weighted average,https://datacatalog.worldbank.org/public-licenses#cc-by
fin13.1e,CC BY-4.0,Reason for not having a mobile money account: use an agent or someone else to make payments (% age 15+),The percentage of respondents who report not having a mobile money account because they use an agent or someone else to make payments.,The percentage of respondents who report not having a mobile money account because they use an agent or someone else to make payments.,Global Findex database,Access,Global Findex,Percent,Triennial,2021 variable,Weighted average,https://datacatalog.worldbank.org/public-licenses#cc-by
fin13.1e.s,CC BY-4.0,"Reason for not having a mobile money account: use an agent or someone else to make payments (% without an account, age 15+)","Among respondents who report having no mobile money account, the percentage who give the reason that they use an agent or someone else to make payments.","Among respondents who report having no mobile money account, the percentage who give the reason that they use an agent or someone else to make payments.",Global Findex database,Access,Global Findex,Percent,Triennial,2021 variable,Weighted average,https://datacatalog.worldbank.org/public-licenses#cc-by
fin38.39b.t,CC BY-4.0,Received a public sector pension: through a mobile phone (% age 15+),"The percentage of respondents who report personally receiving a pension from the government, military, or public sector in the past year through a mobile phone.","The percentage of respondents who report personally receiving a pension from the government, military, or public sector in the past year through a mobile phone.",Global Findex database,Usage,Global Findex,Percent,Triennial,2021,Weighted average,https://datacatalog.worldbank.org/public-licenses#cc-by
fin38.39b.t.s,CC BY-4.0,"Received a public sector pension: through a mobile phone (% of public sector pension recipients, age 15+)","Among respondents who report personally receiving a pension from the government, military, or public sector in the past year, the percentage who report receiving the pension through a mobile phone.","Among respondents who report personally receiving a pension from the government, military, or public sector in the past year, the percentage who report receiving the pension through a mobile phone.",Global Findex database,Usage,Global Findex,Percent,Triennial,2021,Weighted average,https://datacatalog.worldbank.org/public-licenses#cc-by
fing2p.mob.t,CC BY-4.0,Received government payments: through a mobile phone (% age 15+),"The percentage of respondents who report personally receiving payments from the government (government transfers, public sector pension, or public sector wages) in the past year through a mobile phone.","The percentage of respondents who report personally receiving payments from the government (government transfers, public sector pension, or public sector wages) in the past year through a mobile phone.",Global Findex database,Usage,Global Findex,Percent,Triennial,2021,Weighted average,https://datacatalog.worldbank.org/public-licenses#cc-by
fing2p.mob.t.s,CC BY-4.0,"Received government payments: through a mobile phone (% of government payment recipients, age 15+)","Among respondents who report personally receiving payments from the government (government transfers, public sector pension, or public sector wages) in the past year, the percentage who report receiving the payments through a mobile phone.","Among respondents who report personally receiving payments from the government (government transfers, public sector pension, or public sector wages) in the past year, the percentage who report receiving the payments through a mobile phone.",Global Findex database,Usage,Global Findex,Percent,Triennial,2021,Weighted average,https://datacatalog.worldbank.org/public-licenses#cc-by
fin37.38.39b.t,CC BY-4.0,Received government transfer or pension: through a mobile phone (% age 15+),The percentage of respondents who report personally receiving any government transfer or pension from the government in the past year through a mobile phone.,The percentage of respondents who report personally receiving any government transfer or pension from the government in the past year through a mobile phone.,Global Findex database,Usage,Global Findex,Percent,Triennial,2021,Weighted average,https://datacatalog.worldbank.org/public-licenses#cc-by
fin37.38.39b.t.s,CC BY-4.0,"Received government transfer or pension: through a mobile phone (% of government transfer or pension recipients, age 15+)","Among respondents who report personally receiving any government transfer or pension from the government in the past year, the percentage who report receiving this payment through a mobile phone.","Among respondents who report personally receiving any government transfer or pension from the government in the past year, the percentage who report receiving this payment through a mobile phone.",Global Findex database,Usage,Global Findex,Percent,Triennial,2021,Weighted average,https://datacatalog.worldbank.org/public-licenses#cc-by
fin37.39b.t,CC BY-4.0,Received government transfer: through a mobile phone (% age 15+),The percentage of respondents who report personally receiving any transfer from the government in the past year through a mobile phone.,The percentage of respondents who report personally receiving any transfer from the government in the past year through a mobile phone.,Global Findex database,Usage,Global Findex,Percent,Triennial,2021,Weighted average,https://datacatalog.worldbank.org/public-licenses#cc-by
fin37.39b.t.s,CC BY-4.0,"Received government transfer: through a mobile phone (% of government transfer recipients, age 15+)","Among respondents who report personally receiving any transfer from the government in the past year, the percentage who report receiving this transfer through a mobile phone.","Among respondents who report personally receiving any transfer from the government in the past year, the percentage who report receiving this transfer through a mobile phone.",Global Findex database,Usage,Global Findex,Percent,Triennial,2021,Weighted average,https://datacatalog.worldbank.org/public-licenses#cc-by
fin43b.t,CC BY-4.0,Received payments for agricultural products: through a mobile phone (% age 15+),"The percentage of respondents who report personally receiving money from any source for the sale of agricultural products, crops, produce, or livestock in the past year through a mobile phone.","The percentage of respondents who report personally receiving money from any source for the sale of agricultural products, crops, produce, or livestock in the past year through a mobile phone.",Global Findex database,Usage,Global Findex,Percent,Triennial,2021,Weighted average,https://datacatalog.worldbank.org/public-licenses#cc-by
fin43b.t.s,CC BY-4.0,"Received payments for agricultural products: through a mobile phone (% payment recipients, age 15+)","Among respondents who report personally receiving money from any source for the sale of agricultural products, crops, produce, or livestock in the past year, the percentage who report receiving this money through a mobile phone.","Among respondents who report personally receiving money from any source for the sale of agricultural products, crops, produce, or livestock in the past year, the percentage who report receiving this money through a mobile phone.",Global Findex database,Usage,Global Findex,Percent,Triennial,2021,Weighted average,https://datacatalog.worldbank.org/public-licenses#cc-by
fin32.n33.34b.t,CC BY-4.0,Received private sector wages: through a mobile phone (% age 15+),"The percentage of respondents who report being employed in the private sector and receiving any money from their employer in the past year in the form of a salary or wages for doing work, and who received that money through a mobile phone.","The percentage of respondents who report being employed in the private sector and receiving any money from their employer in the past year in the form of a salary or wages for doing work, and who received that money through a mobile phone.",Global Findex database,Usage,Global Findex,Percent,Triennial,2021,Weighted average,https://datacatalog.worldbank.org/public-licenses#cc-by
fin32.n33.34b.t.s,CC BY-4.0,"Received private sector wages: through a mobile phone (% of private sector wage recipients, age 15+)","Among respondents reporting being employed in the private sector and receiving any money from an employer in the past year in the form of a salary or wages for doing work, the percentage who report receiving this money through a mobile phone.","Among respondents reporting being employed in the private sector and receiving any money from an employer in the past year in the form of a salary or wages for doing work, the percentage who report receiving this money through a mobile phone.",Global Findex database,Usage,Global Findex,Percent,Triennial,2021,Weighted average,https://datacatalog.worldbank.org/public-licenses#cc-by
fin32.33.34b.t,CC BY-4.0,Received public sector wages: through a mobile phone (% age 15+),"The percentage of respondents who report being employed by the government, military, or public sector and receiving any money from their employer in the past year in the form of a salary or wages for doing work, and who received that money through a mobile phone.","The percentage of respondents who report being employed by the government, military, or public sector and receiving any money from their employer in the past year in the form of a salary or wages for doing work, and who received that money through a mobile phone.",Global Findex database,Usage,Global Findex,Percent,Triennial,2021,Weighted average,https://datacatalog.worldbank.org/public-licenses#cc-by
fin32.33.34b.t.s,CC BY-4.0,"Received public sector wages: through a mobile phone (% of public sector wage recipients, age 15+)","Among respondents who report being employed by the government, military, or public sector and receiving any money from their employer in the past year in the form of a salary or wages for doing work, the percentage who report receiving this money through a mobile phone.","Among respondents who report being employed by the government, military, or public sector and receiving any money from their employer in the past year in the form of a salary or wages for doing work, the percentage who report receiving this money through a mobile phone.",Global Findex database,Usage,Global Findex,Percent,Triennial,2021,Weighted average,https://datacatalog.worldbank.org/public-licenses#cc-by
fin34b.t,CC BY-4.0,Received wages: through a mobile phone (% age 15+),"The percentage of respondents who report receiving any money from an employer in the past year in the form of a salary or wages for doing work, and who received it through a mobile phone.","The percentage of respondents who report receiving any money from an employer in the past year in the form of a salary or wages for doing work, and who received it through a mobile phone.",Global Findex database,Usage,Global Findex,Percent,Triennial,2021,Weighted average,https://datacatalog.worldbank.org/public-licenses#cc-by
fin34b.t.s,CC BY-4.0,"Received wages: through a mobile phone (% of wage recipients, age 15+)","Among respondents who report receiving any money from an employer in the past year in the form of a salary or wages for doing work, the percentage who report receiving this money through a mobile phone.","Among respondents who report receiving any money from an employer in the past year in the form of a salary or wages for doing work, the percentage who report receiving this money through a mobile phone.",Global Findex database,Usage,Global Findex,Percent,Triennial,2021,Weighted average,https://datacatalog.worldbank.org/public-licenses#cc-by
fin17a.17a1.d,CC BY-4.0,Saved at a financial institution or using a mobile money account (% age 15+),The percentage of respondents who report saving or setting aside any money at a bank or another type of financial institution or using a mobile money account to save in the past year.,The percentage of respondents who report saving or setting aside any money at a bank or another type of financial institution or using a mobile money account to save in the past year.,Global Findex database,Usage,Global Findex,Percent,Triennial,2021 variable,Weighted average,https://datacatalog.worldbank.org/public-licenses#cc-by
fin17a.17a1.d.1,CC BY-4.0,"Saved at a financial institution or using a mobile money account, female (% age 15+)","The percentage of respondents who report saving or setting aside any money at a bank or another type of financial institution in the past year, female (% age 15+)","The percentage of respondents who report saving or setting aside any money at a bank or another type of financial institution in the past year, female (% age 15+)",Global Findex database,Usage,Global Findex,Percent,Triennial,2021 variable,Weighted average,https://datacatalog.worldbank.org/public-licenses#cc-by
fin17a.17a1.d.12,CC BY-4.0,"Saved at a financial institution or using a mobile money account, in labor force (% age 15+)","The percentage of respondents who report saving or setting aside any money at a bank or another type of financial institution in the past year, in labor force (% age 15+)","The percentage of respondents who report saving or setting aside any money at a bank or another type of financial institution in the past year, in labor force (% age 15+)",Global Findex database,Usage,Global Findex,Percent,Triennial,2021 variable,Weighted average,https://datacatalog.worldbank.org/public-licenses#cc-by
fin17a.17a1.d.7,CC BY-4.0,"Saved at a financial institution or using a mobile money account, income, poorest 40% (% ages 15+)","The percentage of respondents who report saving or setting aside any money at a bank or another type of financial institution in the past year, poorest 40% (% ages 15+)","The percentage of respondents who report saving or setting aside any money at a bank or another type of financial institution in the past year, poorest 40% (% ages 15+)",Global Findex database,Usage,Global Findex,Percent,Triennial,2021 variable,Weighted average,https://datacatalog.worldbank.org/public-licenses#cc-by
fin17a.17a1.d.8,CC BY-4.0,"Saved at a financial institution or using a mobile money account, income, richest 60% (% ages 15+)","The percentage of respondents who report saving or setting aside any money at a bank or another type of financial institution in the past year, richest 60% (% ages 15+)","The percentage of respondents who report saving or setting aside any money at a bank or another type of financial institution in the past year, richest 60% (% ages 15+)",Global Findex database,Usage,Global Findex,Percent,Triennial,2021 variable,Weighted average,https://datacatalog.worldbank.org/public-licenses#cc-by
fin17a.17a1.d.2,CC BY-4.0,"Saved at a financial institution or using a mobile money account, male (% age 15+)","The percentage of respondents who report saving or setting aside any money at a bank or another type of financial institution in the past year, male (% age 15+)","The percentage of respondents who report saving or setting aside any money at a bank or another type of financial institution in the past year, male (% age 15+)",Global Findex database,Usage,Global Findex,Percent,Triennial,2021 variable,Weighted average,https://datacatalog.worldbank.org/public-licenses#cc-by
fin17a.17a1.d.4,CC BY-4.0,"Saved at a financial institution or using a mobile money account, older (% age 25+)","The percentage of respondents who report saving or setting aside any money at a bank or another type of financial institution in the past year, older (% age 25+)","The percentage of respondents who report saving or setting aside any money at a bank or another type of financial institution in the past year, older (% age 25+)",Global Findex database,Usage,Global Findex,Percent,Triennial,2021 variable,Weighted average,https://datacatalog.worldbank.org/public-licenses#cc-by
fin17a.17a1.d.11,CC BY-4.0,"Saved at a financial institution or using a mobile money account, out of labor force (% age 15+)","The percentage of respondents who report saving or setting aside any money at a bank or another type of financial institution in the past year, out of labor force (% age 15+)","The percentage of respondents who report saving or setting aside any money at a bank or another type of financial institution in the past year, out of labor force (% age 15+)",Global Findex database,Usage,Global Findex,Percent,Triennial,2021 variable,Weighted average,https://datacatalog.worldbank.org/public-licenses#cc-by
fin17a.17a1.d.5,CC BY-4.0,"Saved at a financial institution or using a mobile money account, primary education or less (% ages 15+)","The percentage of respondents who report saving or setting aside any money at a bank or another type of financial institution in the past year, primary education or less (% ages 15+)","The percentage of respondents who report saving or setting aside any money at a bank or another type of financial institution in the past year, primary education or less (% ages 15+)",Global Findex database,Usage,Global Findex,Percent,Triennial,2021 variable,Weighted average,https://datacatalog.worldbank.org/public-licenses#cc-by
fin17a.17a1.d.9,CC BY-4.0,"Saved at a financial institution or using a mobile money account, rural (% age 15+)","The percentage of respondents who report saving or setting aside any money at a bank or another type of financial institution in the past year, rural (% age 15+)","The percentage of respondents who report saving or setting aside any money at a bank or another type of financial institution in the past year, rural (% age 15+)",Global Findex database,Usage,Global Findex,Percent,Triennial,2021 variable,Weighted average,https://datacatalog.worldbank.org/public-licenses#cc-by
fin17a.17a1.d.6,CC BY-4.0,"Saved at a financial institution or using a mobile money account, secondary education or more (% ages 15+)","The percentage of respondents who report saving or setting aside any money at a bank or another type of financial institution in the past year, secondary education or more (% ages 15+)","The percentage of respondents who report saving or setting aside any money at a bank or another type of financial institution in the past year, secondary education or more (% ages 15+)",Global Findex database,Usage,Global Findex,Percent,Triennial,2021 variable,Weighted average,https://datacatalog.worldbank.org/public-licenses#cc-by
fin17a.17a1.d.10,CC BY-4.0,"Saved at a financial institution or using a mobile money account, urban (% age 15+)","The percentage of respondents who report saving or setting aside any money at a bank or another type of financial institution in the past year, urban (% age 15+)","The percentage of respondents who report saving or setting aside any money at a bank or another type of financial institution in the past year, urban (% age 15+)",Global Findex database,Usage,Global Findex,Percent,Triennial,2021 variable,Weighted average,https://datacatalog.worldbank.org/public-licenses#cc-by
fin17a.17a1.d.3,CC BY-4.0,"Saved at a financial institution or using a mobile money account, young (% ages 15-24)","The percentage of respondents who report saving or setting aside any money at a bank or another type of financial institution in the past year, young (% ages 15-24)","The percentage of respondents who report saving or setting aside any money at a bank or another type of financial institution in the past year, young (% ages 15-24)",Global Findex database,Usage,Global Findex,Percent,Triennial,2021 variable,Weighted average,https://datacatalog.worldbank.org/public-licenses#cc-by
fin17a1.d,CC BY-4.0,Saved money using a mobile money account (% age 15+),The percentage of respondents who report saving money using a mobile money account.,The percentage of respondents who report saving money using a mobile money account.,Global Findex database,Usage,Global Findex,Percent,Triennial,2021 variable,Weighted average,https://datacatalog.worldbank.org/public-licenses#cc-by
fin17a1.d.1,CC BY-4.0,"Saved money using a mobile money account, female (% age 15+)","The percentage of respondents who report saving money using a mobile money account, female (% age 15+)","The percentage of respondents who report saving money using a mobile money account, female (% age 15+)",Global Findex database,Usage,Global Findex,Percent,Triennial,2021 variable,Weighted average,https://datacatalog.worldbank.org/public-licenses#cc-by
fin17a1.d.12,CC BY-4.0,"Saved money using a mobile money account, in labor force (% age 15+)","The percentage of respondents who report saving money using a mobile money account, in labor force (% age 15+)","The percentage of respondents who report saving money using a mobile money account, in labor force (% age 15+)",Global Findex database,Usage,Global Findex,Percent,Triennial,2021 variable,Weighted average,https://datacatalog.worldbank.org/public-licenses#cc-by
fin17a1.d.7,CC BY-4.0,"Saved money using a mobile money account, income, poorest 40% (% ages 15+)","The percentage of respondents who report saving money using a mobile money account, poorest 40% (% ages 15+)","The percentage of respondents who report saving money using a mobile money account, poorest 40% (% ages 15+)",Global Findex database,Usage,Global Findex,Percent,Triennial,2021 variable,Weighted average,https://datacatalog.worldbank.org/public-licenses#cc-by
fin17a1.d.8,CC BY-4.0,"Saved money using a mobile money account, income, richest 60% (% ages 15+)","The percentage of respondents who report saving money using a mobile money account, richest 60% (% ages 15+)","The percentage of respondents who report saving money using a mobile money account, richest 60% (% ages 15+)",Global Findex database,Usage,Global Findex,Percent,Triennial,2021 variable,Weighted average,https://datacatalog.worldbank.org/public-licenses#cc-by
fin17a1.d.2,CC BY-4.0,"Saved money using a mobile money account, male (% age 15+)","The percentage of respondents who report saving money using a mobile money account, male (% age 15+)","The percentage of respondents who report saving money using a mobile money account, male (% age 15+)",Global Findex database,Usage,Global Findex,Percent,Triennial,2021 variable,Weighted average,https://datacatalog.worldbank.org/public-licenses#cc-by
fin17a1.d.4,CC BY-4.0,"Saved money using a mobile money account, older (% age 25+)","The percentage of respondents who report saving money using a mobile money account, older (% age 25+)","The percentage of respondents who report saving money using a mobile money account, older (% age 25+)",Global Findex database,Usage,Global Findex,Percent,Triennial,2021 variable,Weighted average,https://datacatalog.worldbank.org/public-licenses#cc-by
fin17a1.d.11,CC BY-4.0,"Saved money using a mobile money account, out of labor force (% age 15+)","The percentage of respondents who report saving money using a mobile money account, out of labor force (% age 15+)","The percentage of respondents who report saving money using a mobile money account, out of labor force (% age 15+)",Global Findex database,Usage,Global Findex,Percent,Triennial,2021 variable,Weighted average,https://datacatalog.worldbank.org/public-licenses#cc-by
fin17a1.d.5,CC BY-4.0,"Saved money using a mobile money account, primary education or less (% ages 15+)","The percentage of respondents who report saving money using a mobile money account, primary education or less (% ages 15+)","The percentage of respondents who report saving money using a mobile money account, primary education or less (% ages 15+)",Global Findex database,Usage,Global Findex,Percent,Triennial,2021 variable,Weighted average,https://datacatalog.worldbank.org/public-licenses#cc-by
fin17a1.d.9,CC BY-4.0,"Saved money using a mobile money account, rural (% age 15+)","The percentage of respondents who report saving money using a mobile money account, rural (% age 15+)","The percentage of respondents who report saving money using a mobile money account, rural (% age 15+)",Global Findex database,Usage,Global Findex,Percent,Triennial,2021 variable,Weighted average,https://datacatalog.worldbank.org/public-licenses#cc-by
fin17a1.d.6,CC BY-4.0,"Saved money using a mobile money account, secondary education or more (% ages 15+)","The percentage of respondents who report saving money using a mobile money account, secondary education or more (% ages 15+)","The percentage of respondents who report saving money using a mobile money account, secondary education or more (% ages 15+)",Global Findex database,Usage,Global Findex,Percent,Triennial,2021 variable,Weighted average,https://datacatalog.worldbank.org/public-licenses#cc-by
fin17a1.d.10,CC BY-4.0,"Saved money using a mobile money account, urban (% age 15+)","The percentage of respondents who report saving money using a mobile money account, urban (% age 15+)","The percentage of respondents who report saving money using a mobile money account, urban (% age 15+)",Global Findex database,Usage,Global Findex,Percent,Triennial,2021 variable,Weighted average,https://datacatalog.worldbank.org/public-licenses#cc-by
fin17a1.d.3,CC BY-4.0,"Saved money using a mobile money account, young (% ages 15-24)","The percentage of respondents who report saving money using a mobile money account, young (% ages 15-24)","The percentage of respondents who report saving money using a mobile money account, young (% ages 15-24)",Global Findex database,Usage,Global Findex,Percent,Triennial,2021 variable,Weighted average,https://datacatalog.worldbank.org/public-licenses#cc-by
fin10b.13b,CC BY-4.0,Store money using a financial institution or a mobile money account (% age 15+),The percentage of respondents who report keeping money in a financial institution account or a mobile money account.,The percentage of respondents who report keeping money in a financial institution account or a mobile money account.,Global Findex database,Usage,Global Findex,Percent,Triennial,2021 variable,Weighted average,https://datacatalog.worldbank.org/public-licenses#cc-by
fin10b.13b.s,CC BY-4.0,"Store money using a financial institution or a mobile money account (% with an account,  age 15+)","Among respondents with an account, the percentage who report keeping money in a financial institution account or a mobile money account.","Among respondents with an account, the percentage who report keeping money in a financial institution account or a mobile money account.",Global Findex database,Usage,Global Findex,Percent,Triennial,2021 variable,Weighted average,https://datacatalog.worldbank.org/public-licenses#cc-by
fin13b,CC BY-4.0,Store money using a mobile money account (% age 15+),The percentage of respondents who report keeping money in a mobile money account.,The percentage of respondents who report keeping money in a mobile money account.,Global Findex database,Usage,Global Findex,Percent,Triennial,2021 variable,Weighted average,https://datacatalog.worldbank.org/public-licenses#cc-by
fin13b.s,CC BY-4.0,"Store money using a mobile money account (% with a mobile money account acount, age 15+)","Among respondents with a mobile money account, the percentage who report keeping money in a mobile money account.","Among respondents with a mobile money account, the percentage who report keeping money in a mobile money account.",Global Findex database,Usage,Global Findex,Percent,Triennial,2021 variable,Weighted average,https://datacatalog.worldbank.org/public-licenses#cc-by
fin13a,CC BY-4.0,Use a mobile money account two or more times a month (% age 15+),"The percentage of respondents who report using a mobile money account to make payments, buy things, or to send or receive money two or more times a month.","The percentage of respondents who report using a mobile money account to make payments, buy things, or to send or receive money two or more times a month.",Global Findex database,Usage,Global Findex,Percent,Triennial,2021 variable,Weighted average,https://datacatalog.worldbank.org/public-licenses#cc-by
fin13a.s,CC BY-4.0,"Use a mobile money account two or more times a month (% with a mobile money account, age 15+)","Among respondents with a mobile money account, the percentage who report using it to make payments, buy things, or to send or receive money two or more times a month.","Among respondents with a mobile money account, the percentage who report using it to make payments, buy things, or to send or receive money two or more times a month.",Global Findex database,Usage,Global Findex,Percent,Triennial,2021 variable,Weighted average,https://datacatalog.worldbank.org/public-licenses#cc-by
fin5,CC BY-4.0,"Use a mobile phone or the internet to make payments, buy things, or to send or receive money using a financial institution account (% age 15+)","The percentage of respondents who report using a mobile phone or the Internet to make payments, buy things, or to send or receive money using a financial institution account.","The percentage of respondents who report using a mobile phone or the Internet to make payments, buy things, or to send or receive money using a financial institution account.",Global Findex database,Usage,Global Findex,Percent,Triennial,2021 variable,Weighted average,https://datacatalog.worldbank.org/public-licenses#cc-by
fin5.s,CC BY-4.0,"Use a mobile phone or the internet to make payments, buy things, or to send or receive money using a financial institution account (% with a financial institution account, age 15+)","Among respondents with a financial institution account, the percentage of respondents who report using a mobile phone or the Internet to make payments, buy things, or to send or receive money using a financial institution account.","Among respondents with a financial institution account, the percentage of respondents who report using a mobile phone or the Internet to make payments, buy things, or to send or receive money using a financial institution account.",Global Findex database,Usage,Global Findex,Percent,Triennial,2021 variable,Weighted average,https://datacatalog.worldbank.org/public-licenses#cc-by
fin5.a.2017,CC BY-4.0,Used a mobile phone or the internet to access a financial institution account (% age 15+),"The percentage of respondents who report that in the past year, they used a mobile phone or the Internet to make a payment, make a purchase, or to send or receive money through their financial institution account.","The percentage of respondents who report that in the past year, they used a mobile phone or the Internet to make a payment, make a purchase, or to send or receive money through their financial institution account.",Global Findex database,Usage,Global Findex,Percent,Triennial,2017,Weighted average,https://datacatalog.worldbank.org/public-licenses#cc-by
fin5.a.2017.s,CC BY-4.0,"Used a mobile phone or the internet to access a financial institution account (% with a financial institution account, age 15+)","Among respondents with a financial institution account, the percentage of respondents who report that in the past year, they used a mobile phone or the Internet to make a payment, make a purchase, or to send or receive money through their financial institution account.","Among respondents with a financial institution account, the percentage of respondents who report that in the past year, they used a mobile phone or the Internet to make a payment, make a purchase, or to send or receive money through their financial institution account.",Global Findex database,Usage,Global Findex,Percent,Triennial,2017,Weighted average,https://datacatalog.worldbank.org/public-licenses#cc-by
fin5.2017.d.s,CC BY-4.0,"Used a mobile phone or the internet to access an account (% with an account, age 15+)","Among respondents with an account, the percentage who report that in the past year, they used a mobile phone or the Internet to make a payment, make a purchase, or to send or receive money through their account.","Among respondents with an account, the percentage who report that in the past year, they used a mobile phone or the Internet to make a payment, make a purchase, or to send or receive money through their account.",Global Findex database,Usage,Global Findex,Percent,Triennial,2017,Weighted average,https://datacatalog.worldbank.org/public-licenses#cc-by
fin5.2017.d,CC BY-4.0,Used a mobile phone or the internet to access an account(% age 15+),"The percentage of respondents who report that in the past year, they used a mobile phone or the Internet to make a payment, make a purchase, or to send or receive money through their account.","The percentage of respondents who report that in the past year, they used a mobile phone or the Internet to make a payment, make a purchase, or to send or receive money through their account.",Global Findex database,Usage,Global Findex,Percent,Triennial,2017,Weighted average,https://datacatalog.worldbank.org/public-licenses#cc-by
fin5.2017.d.1,CC BY-4.0,"Used a mobile phone or the internet to access an account, female (% age 15+)","Among respondents with a financial institution account, the percentage of respondents who report using a mobile phone or the Internet to make payments, buy things, or to send or receive money using a financial institution account, female (% age 15+)","Among respondents with a financial institution account, the percentage of respondents who report using a mobile phone or the Internet to make payments, buy things, or to send or receive money using a financial institution account, female (% age 15+)",Global Findex database,Usage,Global Findex,Percent,Triennial,2017,Weighted average,https://datacatalog.worldbank.org/public-licenses#cc-by
fin5.2017.d.12,CC BY-4.0,"Used a mobile phone or the internet to access an account, in labor force (% age 15+)","Among respondents with a financial institution account, the percentage of respondents who report using a mobile phone or the Internet to make payments, buy things, or to send or receive money using a financial institution account, in labor force (% age 15+)","Among respondents with a financial institution account, the percentage of respondents who report using a mobile phone or the Internet to make payments, buy things, or to send or receive money using a financial institution account, in labor force (% age 15+)",Global Findex database,Usage,Global Findex,Percent,Triennial,2017,Weighted average,https://datacatalog.worldbank.org/public-licenses#cc-by
fin5.2017.d.7,CC BY-4.0,"Used a mobile phone or the internet to access an account, income, poorest 40% (% ages 15+)","Among respondents with a financial institution account, the percentage of respondents who report using a mobile phone or the Internet to make payments, buy things, or to send or receive money using a financial institution account, poorest 40% (% ages 15+)","Among respondents with a financial institution account, the percentage of respondents who report using a mobile phone or the Internet to make payments, buy things, or to send or receive money using a financial institution account, poorest 40% (% ages 15+)",Global Findex database,Usage,Global Findex,Percent,Triennial,2017,Weighted average,https://datacatalog.worldbank.org/public-licenses#cc-by
fin5.2017.d.8,CC BY-4.0,"Used a mobile phone or the internet to access an account, income, richest 60% (% ages 15+)","Among respondents with a financial institution account, the percentage of respondents who report using a mobile phone or the Internet to make payments, buy things, or to send or receive money using a financial institution account, richest 60% (% ages 15+)","Among respondents with a financial institution account, the percentage of respondents who report using a mobile phone or the Internet to make payments, buy things, or to send or receive money using a financial institution account, richest 60% (% ages 15+)",Global Findex database,Usage,Global Findex,Percent,Triennial,2017,Weighted average,https://datacatalog.worldbank.org/public-licenses#cc-by
fin5.2017.d.2,CC BY-4.0,"Used a mobile phone or the internet to access an account, male (% age 15+)","Among respondents with a financial institution account, the percentage of respondents who report using a mobile phone or the Internet to make payments, buy things, or to send or receive money using a financial institution account, male (% age 15+)","Among respondents with a financial institution account, the percentage of respondents who report using a mobile phone or the Internet to make payments, buy things, or to send or receive money using a financial institution account, male (% age 15+)",Global Findex database,Usage,Global Findex,Percent,Triennial,2017,Weighted average,https://datacatalog.worldbank.org/public-licenses#cc-by
fin5.2017.d.4,CC BY-4.0,"Used a mobile phone or the internet to access an account, older (% age 25+)","Among respondents with a financial institution account, the percentage of respondents who report using a mobile phone or the Internet to make payments, buy things, or to send or receive money using a financial institution account, older (% age 25+)","Among respondents with a financial institution account, the percentage of respondents who report using a mobile phone or the Internet to make payments, buy things, or to send or receive money using a financial institution account, older (% age 25+)",Global Findex database,Usage,Global Findex,Percent,Triennial,2017,Weighted average,https://datacatalog.worldbank.org/public-licenses#cc-by
fin5.2017.d.11,CC BY-4.0,"Used a mobile phone or the internet to access an account, out of labor force (% age 15+)","Among respondents with a financial institution account, the percentage of respondents who report using a mobile phone or the Internet to make payments, buy things, or to send or receive money using a financial institution account, out of labor force (% age 15+)","Among respondents with a financial institution account, the percentage of respondents who report using a mobile phone or the Internet to make payments, buy things, or to send or receive money using a financial institution account, out of labor force (% age 15+)",Global Findex database,Usage,Global Findex,Percent,Triennial,2017,Weighted average,https://datacatalog.worldbank.org/public-licenses#cc-by
fin5.2017.d.5,CC BY-4.0,"Used a mobile phone or the internet to access an account, primary education or less (% ages 15+)","Among respondents with a financial institution account, the percentage of respondents who report using a mobile phone or the Internet to make payments, buy things, or to send or receive money using a financial institution account, primary education or less (% ages 15+)","Among respondents with a financial institution account, the percentage of respondents who report using a mobile phone or the Internet to make payments, buy things, or to send or receive money using a financial institution account, primary education or less (% ages 15+)",Global Findex database,Usage,Global Findex,Percent,Triennial,2017,Weighted average,https://datacatalog.worldbank.org/public-licenses#cc-by
fin5.2017.d.9,CC BY-4.0,"Used a mobile phone or the internet to access an account, rural (% age 15+)","Among respondents with a financial institution account, the percentage of respondents who report using a mobile phone or the Internet to make payments, buy things, or to send or receive money using a financial institution account, rural (% age 15+)","Among respondents with a financial institution account, the percentage of respondents who report using a mobile phone or the Internet to make payments, buy things, or to send or receive money using a financial institution account, rural (% age 15+)",Global Findex database,Usage,Global Findex,Percent,Triennial,2017,Weighted average,https://datacatalog.worldbank.org/public-licenses#cc-by
fin5.2017.d.6,CC BY-4.0,"Used a mobile phone or the internet to access an account, secondary education or more (% ages 15+)","Among respondents with a financial institution account, the percentage of respondents who report using a mobile phone or the Internet to make payments, buy things, or to send or receive money using a financial institution account, secondary education or more (% ages 15+)","Among respondents with a financial institution account, the percentage of respondents who report using a mobile phone or the Internet to make payments, buy things, or to send or receive money using a financial institution account, secondary education or more (% ages 15+)",Global Findex database,Usage,Global Findex,Percent,Triennial,2017,Weighted average,https://datacatalog.worldbank.org/public-licenses#cc-by
fin5.2017.d.10,CC BY-4.0,"Used a mobile phone or the internet to access an account, urban (% age 15+)","Among respondents with a financial institution account, the percentage of respondents who report using a mobile phone or the Internet to make payments, buy things, or to send or receive money using a financial institution account, urban (% age 15+)","Among respondents with a financial institution account, the percentage of respondents who report using a mobile phone or the Internet to make payments, buy things, or to send or receive money using a financial institution account, urban (% age 15+)",Global Findex database,Usage,Global Findex,Percent,Triennial,2017,Weighted average,https://datacatalog.worldbank.org/public-licenses#cc-by
fin5.2017.d.3,CC BY-4.0,"Used a mobile phone or the internet to access an account, young (% ages 15-24)","Among respondents with a financial institution account, the percentage of respondents who report using a mobile phone or the Internet to make payments, buy things, or to send or receive money using a financial institution account, young (% ages 15-24)","Among respondents with a financial institution account, the percentage of respondents who report using a mobile phone or the Internet to make payments, buy things, or to send or receive money using a financial institution account, young (% ages 15-24)",Global Findex database,Usage,Global Findex,Percent,Triennial,2017,Weighted average,https://datacatalog.worldbank.org/public-licenses#cc-by
fin14b.t.d,CC BY-4.0,Used a mobile phone or the internet to buy something online (% age 15+),The percentage of respondents who report using a mobile phone or the Internet to buy something online in the past year.,The percentage of respondents who report using a mobile phone or the Internet to buy something online in the past year.,Global Findex database,Usage,Global Findex,Percent,Triennial,2021,Weighted average,https://datacatalog.worldbank.org/public-licenses#cc-by
fin14b.t.d.1,CC BY-4.0,"Used a mobile phone or the internet to buy something online, female (% age 15+)","The percentage of respondents who report using a mobile phone or the Internet to buy something online in the past year, female (% age 15+)","The percentage of respondents who report using a mobile phone or the Internet to buy something online in the past year, female (% age 15+)",Global Findex database,Usage,Global Findex,Percent,Triennial,2021,Weighted average,https://datacatalog.worldbank.org/public-licenses#cc-by
fin14b.t.d.12,CC BY-4.0,"Used a mobile phone or the internet to buy something online, in labor force (% age 15+)","The percentage of respondents who report using a mobile phone or the Internet to buy something online in the past year, in labor force (% age 15+)","The percentage of respondents who report using a mobile phone or the Internet to buy something online in the past year, in labor force (% age 15+)",Global Findex database,Usage,Global Findex,Percent,Triennial,2021,Weighted average,https://datacatalog.worldbank.org/public-licenses#cc-by
fin14b.t.d.7,CC BY-4.0,"Used a mobile phone or the internet to buy something online, income, poorest 40% (% ages 15+)","The percentage of respondents who report using a mobile phone or the Internet to buy something online in the past year, poorest 40% (% ages 15+)","The percentage of respondents who report using a mobile phone or the Internet to buy something online in the past year, poorest 40% (% ages 15+)",Global Findex database,Usage,Global Findex,Percent,Triennial,2021,Weighted average,https://datacatalog.worldbank.org/public-licenses#cc-by
fin14b.t.d.8,CC BY-4.0,"Used a mobile phone or the internet to buy something online, income, richest 60% (% ages 15+)","The percentage of respondents who report using a mobile phone or the Internet to buy something online in the past year, richest 60% (% ages 15+)","The percentage of respondents who report using a mobile phone or the Internet to buy something online in the past year, richest 60% (% ages 15+)",Global Findex database,Usage,Global Findex,Percent,Triennial,2021,Weighted average,https://datacatalog.worldbank.org/public-licenses#cc-by
fin14b.t.d.2,CC BY-4.0,"Used a mobile phone or the internet to buy something online, male (% age 15+)","The percentage of respondents who report using a mobile phone or the Internet to buy something online in the past year, male (% age 15+)","The percentage of respondents who report using a mobile phone or the Internet to buy something online in the past year, male (% age 15+)",Global Findex database,Usage,Global Findex,Percent,Triennial,2021,Weighted average,https://datacatalog.worldbank.org/public-licenses#cc-by
fin14b.t.d.4,CC BY-4.0,"Used a mobile phone or the internet to buy something online, older (% age 25+)","The percentage of respondents who report using a mobile phone or the Internet to buy something online in the past year, older (% age 25+)","The percentage of respondents who report using a mobile phone or the Internet to buy something online in the past year, older (% age 25+)",Global Findex database,Usage,Global Findex,Percent,Triennial,2021,Weighted average,https://datacatalog.worldbank.org/public-licenses#cc-by
fin14b.t.d.11,CC BY-4.0,"Used a mobile phone or the internet to buy something online, out of labor force (% age 15+)","The percentage of respondents who report using a mobile phone or the Internet to buy something online in the past year, out of labor force (% age 15+)","The percentage of respondents who report using a mobile phone or the Internet to buy something online in the past year, out of labor force (% age 15+)",Global Findex database,Usage,Global Findex,Percent,Triennial,2021,Weighted average,https://datacatalog.worldbank.org/public-licenses#cc-by
fin14b.t.d.5,CC BY-4.0,"Used a mobile phone or the internet to buy something online, primary education or less (% ages 15+)","The percentage of respondents who report using a mobile phone or the Internet to buy something online in the past year, primary education or less (% ages 15+)","The percentage of respondents who report using a mobile phone or the Internet to buy something online in the past year, primary education or less (% ages 15+)",Global Findex database,Usage,Global Findex,Percent,Triennial,2021,Weighted average,https://datacatalog.worldbank.org/public-licenses#cc-by
fin14b.t.d.9,CC BY-4.0,"Used a mobile phone or the internet to buy something online, rural (% age 15+)","The percentage of respondents who report using a mobile phone or the Internet to buy something online in the past year, rural (% age 15+)","The percentage of respondents who report using a mobile phone or the Internet to buy something online in the past year, rural (% age 15+)",Global Findex database,Usage,Global Findex,Percent,Triennial,2021,Weighted average,https://datacatalog.worldbank.org/public-licenses#cc-by
fin14b.t.d.6,CC BY-4.0,"Used a mobile phone or the internet to buy something online, secondary education or more (% ages 15+)","The percentage of respondents who report using a mobile phone or the Internet to buy something online in the past year, secondary education or more (% ages 15+)","The percentage of respondents who report using a mobile phone or the Internet to buy something online in the past year, secondary education or more (% ages 15+)",Global Findex database,Usage,Global Findex,Percent,Triennial,2021,Weighted average,https://datacatalog.worldbank.org/public-licenses#cc-by
fin14b.t.d.10,CC BY-4.0,"Used a mobile phone or the internet to buy something online, urban (% age 15+)","The percentage of respondents who report using a mobile phone or the Internet to buy something online in the past year, urban (% age 15+)","The percentage of respondents who report using a mobile phone or the Internet to buy something online in the past year, urban (% age 15+)",Global Findex database,Usage,Global Findex,Percent,Triennial,2021,Weighted average,https://datacatalog.worldbank.org/public-licenses#cc-by
fin14b.t.d.3,CC BY-4.0,"Used a mobile phone or the internet to buy something online, young (% ages 15-24)","The percentage of respondents who report using a mobile phone or the Internet to buy something online in the past year, young (% ages 15-24)","The percentage of respondents who report using a mobile phone or the Internet to buy something online in the past year, young (% ages 15-24)",Global Findex database,Usage,Global Findex,Percent,Triennial,2021,Weighted average,https://datacatalog.worldbank.org/public-licenses#cc-by
fin6.t,CC BY-4.0,Used a mobile phone or the internet to check account balance(% age 15+),The percentage of respondents who report using a mobile phone or the Internet to check their balance for a financial institution account in the past year.,The percentage of respondents who report using a mobile phone or the Internet to check their balance for a financial institution account in the past year.,Global Findex database,Usage,Global Findex,Percent,Triennial,2021,Weighted average,https://datacatalog.worldbank.org/public-licenses#cc-by
fin6.t.s,CC BY-4.0,"Used a mobile phone or the internet to check account balance(% with a financial institution account, age 15+)","Among respondents with a financial institution account, the percentage of respondents who report using a mobile phone or the Internet to check their balance for a financial institution account in the past year.","Among respondents with a financial institution account, the percentage of respondents who report using a mobile phone or the Internet to check their balance for a financial institution account in the past year.",Global Findex database,Usage,Global Findex,Percent,Triennial,2021,Weighted average,https://datacatalog.worldbank.org/public-licenses#cc-by
fin14a.t.d,CC BY-4.0,Used a mobile phone or the internet to pay bills (% age 15+),The percentage of respondents who report using a mobile phone or the Internet to pay bills in the past year.,The percentage of respondents who report using a mobile phone or the Internet to pay bills in the past year.,Global Findex database,Usage,Global Findex,Percent,Triennial,2021,Weighted average,https://datacatalog.worldbank.org/public-licenses#cc-by
fin14a.t.d.1,CC BY-4.0,"Used a mobile phone or the internet to pay bills, female (% age 15+)","The percentage of respondents who report using a mobile phone or the Internet to pay bills in the past year, female (% age 15+)","The percentage of respondents who report using a mobile phone or the Internet to pay bills in the past year, female (% age 15+)",Global Findex database,Usage,Global Findex,Percent,Triennial,2021,Weighted average,https://datacatalog.worldbank.org/public-licenses#cc-by
fin14a.t.d.12,CC BY-4.0,"Used a mobile phone or the internet to pay bills, in labor force (% age 15+)","The percentage of respondents who report using a mobile phone or the Internet to pay bills in the past year, in labor force (% age 15+)","The percentage of respondents who report using a mobile phone or the Internet to pay bills in the past year, in labor force (% age 15+)",Global Findex database,Usage,Global Findex,Percent,Triennial,2021,Weighted average,https://datacatalog.worldbank.org/public-licenses#cc-by
fin14a.t.d.7,CC BY-4.0,"Used a mobile phone or the internet to pay bills, income, poorest 40% (% ages 15+)","The percentage of respondents who report using a mobile phone or the Internet to pay bills in the past year, poorest 40% (% ages 15+)","The percentage of respondents who report using a mobile phone or the Internet to pay bills in the past year, poorest 40% (% ages 15+)",Global Findex database,Usage,Global Findex,Percent,Triennial,2021,Weighted average,https://datacatalog.worldbank.org/public-licenses#cc-by
fin14a.t.d.8,CC BY-4.0,"Used a mobile phone or the internet to pay bills, income, richest 60% (% ages 15+)","The percentage of respondents who report using a mobile phone or the Internet to pay bills in the past year, richest 60% (% ages 15+)","The percentage of respondents who report using a mobile phone or the Internet to pay bills in the past year, richest 60% (% ages 15+)",Global Findex database,Usage,Global Findex,Percent,Triennial,2021,Weighted average,https://datacatalog.worldbank.org/public-licenses#cc-by
fin14a.t.d.2,CC BY-4.0,"Used a mobile phone or the internet to pay bills, male (% age 15+)","The percentage of respondents who report using a mobile phone or the Internet to pay bills in the past year, male (% age 15+)","The percentage of respondents who report using a mobile phone or the Internet to pay bills in the past year, male (% age 15+)",Global Findex database,Usage,Global Findex,Percent,Triennial,2021,Weighted average,https://datacatalog.worldbank.org/public-licenses#cc-by
fin14a.t.d.4,CC BY-4.0,"Used a mobile phone or the internet to pay bills, older (% age 25+)","The percentage of respondents who report using a mobile phone or the Internet to pay bills in the past year, older (% age 25+)","The percentage of respondents who report using a mobile phone or the Internet to pay bills in the past year, older (% age 25+)",Global Findex database,Usage,Global Findex,Percent,Triennial,2021,Weighted average,https://datacatalog.worldbank.org/public-licenses#cc-by
fin14a.t.d.11,CC BY-4.0,"Used a mobile phone or the internet to pay bills, out of labor force (% age 15+)","The percentage of respondents who report using a mobile phone or the Internet to pay bills in the past year, out of labor force (% age 15+)","The percentage of respondents who report using a mobile phone or the Internet to pay bills in the past year, out of labor force (% age 15+)",Global Findex database,Usage,Global Findex,Percent,Triennial,2021,Weighted average,https://datacatalog.worldbank.org/public-licenses#cc-by
fin14a.t.d.5,CC BY-4.0,"Used a mobile phone or the internet to pay bills, primary education or less (% ages 15+)","The percentage of respondents who report using a mobile phone or the Internet to pay bills in the past year, primary education or less (% ages 15+)","The percentage of respondents who report using a mobile phone or the Internet to pay bills in the past year, primary education or less (% ages 15+)",Global Findex database,Usage,Global Findex,Percent,Triennial,2021,Weighted average,https://datacatalog.worldbank.org/public-licenses#cc-by
fin14a.t.d.9,CC BY-4.0,"Used a mobile phone or the internet to pay bills , rural (% age 15+)","The percentage of respondents who report using a mobile phone or the Internet to pay bills in the past year, rural (% age 15+)","The percentage of respondents who report using a mobile phone or the Internet to pay bills in the past year, rural (% age 15+)",Global Findex database,Usage,Global Findex,Percent,Triennial,2021,Weighted average,https://datacatalog.worldbank.org/public-licenses#cc-by
fin14a.t.d.6,CC BY-4.0,"Used a mobile phone or the internet to pay bills, secondary education or more (% ages 15+)","The percentage of respondents who report using a mobile phone or the Internet to pay bills in the past year, secondary education or more (% ages 15+)","The percentage of respondents who report using a mobile phone or the Internet to pay bills in the past year, secondary education or more (% ages 15+)",Global Findex database,Usage,Global Findex,Percent,Triennial,2021,Weighted average,https://datacatalog.worldbank.org/public-licenses#cc-by
fin14a.t.d.10,CC BY-4.0,"Used a mobile phone or the internet to pay bills, urban (% age 15+)","The percentage of respondents who report using a mobile phone or the Internet to pay bills in the past year, urban (% age 15+)","The percentage of respondents who report using a mobile phone or the Internet to pay bills in the past year, urban (% age 15+)",Global Findex database,Usage,Global Findex,Percent,Triennial,2021,Weighted average,https://datacatalog.worldbank.org/public-licenses#cc-by
fin14a.t.d.3,CC BY-4.0,"Used a mobile phone or the internet to pay bills, young (% ages 15-24)","The percentage of respondents who report using a mobile phone or the Internet to pay bills in the past year, young (% ages 15-24)","The percentage of respondents who report using a mobile phone or the Internet to pay bills in the past year, young (% ages 15-24)",Global Findex database,Usage,Global Findex,Percent,Triennial,2021,Weighted average,https://datacatalog.worldbank.org/public-licenses#cc-by
fin14a1.d,CC BY-4.0,Used a mobile phone or the internet to send money (% age 15+),The percentage of respondents who report using a mobile phone or the Internet to send money to a relative or friend in the past year.,The percentage of respondents who report using a mobile phone or the Internet to send money to a relative or friend in the past year.,Global Findex database,Usage,Global Findex,Percent,Triennial,2021 variable,Weighted average,https://datacatalog.worldbank.org/public-licenses#cc-by
fin14a1.d.1,CC BY-4.0,"Used a mobile phone or the internet to send money , female (% age 15+)","The percentage of respondents who report using a mobile phone or the Internet to send money to a relative or friend in the past year, female (% age 15+)","The percentage of respondents who report using a mobile phone or the Internet to send money to a relative or friend in the past year, female (% age 15+)",Global Findex database,Usage,Global Findex,Percent,Triennial,2021 variable,Weighted average,https://datacatalog.worldbank.org/public-licenses#cc-by
fin14a1.d.12,CC BY-4.0,"Used a mobile phone or the internet to send money, in labor force (% age 15+)","The percentage of respondents who report using a mobile phone or the Internet to send money to a relative or friend in the past year, in labor force (% age 15+)","The percentage of respondents who report using a mobile phone or the Internet to send money to a relative or friend in the past year, in labor force (% age 15+)",Global Findex database,Usage,Global Findex,Percent,Triennial,2021 variable,Weighted average,https://datacatalog.worldbank.org/public-licenses#cc-by
fin14a1.d.7,CC BY-4.0,"Used a mobile phone or the internet to send money , income, poorest 40% (% ages 15+)","The percentage of respondents who report using a mobile phone or the Internet to send money to a relative or friend in the past year, poorest 40% (% ages 15+)","The percentage of respondents who report using a mobile phone or the Internet to send money to a relative or friend in the past year, poorest 40% (% ages 15+)",Global Findex database,Usage,Global Findex,Percent,Triennial,2021 variable,Weighted average,https://datacatalog.worldbank.org/public-licenses#cc-by
fin14a1.d.8,CC BY-4.0,"Used a mobile phone or the internet to send money , income, richest 60% (% ages 15+)","The percentage of respondents who report using a mobile phone or the Internet to send money to a relative or friend in the past year, richest 60% (% ages 15+)","The percentage of respondents who report using a mobile phone or the Internet to send money to a relative or friend in the past year, richest 60% (% ages 15+)",Global Findex database,Usage,Global Findex,Percent,Triennial,2021 variable,Weighted average,https://datacatalog.worldbank.org/public-licenses#cc-by
fin14a1.d.2,CC BY-4.0,"Used a mobile phone or the internet to send money , male (% age 15+)","The percentage of respondents who report using a mobile phone or the Internet to send money to a relative or friend in the past year, male (% age 15+)","The percentage of respondents who report using a mobile phone or the Internet to send money to a relative or friend in the past year, male (% age 15+)",Global Findex database,Usage,Global Findex,Percent,Triennial,2021 variable,Weighted average,https://datacatalog.worldbank.org/public-licenses#cc-by
fin14a1.d.4,CC BY-4.0,"Used a mobile phone or the internet to send money, older (% age 25+)","The percentage of respondents who report using a mobile phone or the Internet to send money to a relative or friend in the past year, older (% age 25+)","The percentage of respondents who report using a mobile phone or the Internet to send money to a relative or friend in the past year, older (% age 25+)",Global Findex database,Usage,Global Findex,Percent,Triennial,2021 variable,Weighted average,https://datacatalog.worldbank.org/public-licenses#cc-by
fin14a1.d.11,CC BY-4.0,"Used a mobile phone or the internet to send money, out of labor force (% age 15+)","The percentage of respondents who report using a mobile phone or the Internet to send money to a relative or friend in the past year, out of labor force (% age 15+)","The percentage of respondents who report using a mobile phone or the Internet to send money to a relative or friend in the past year, out of labor force (% age 15+)",Global Findex database,Usage,Global Findex,Percent,Triennial,2021 variable,Weighted average,https://datacatalog.worldbank.org/public-licenses#cc-by
fin14a1.d.5,CC BY-4.0,"Used a mobile phone or the internet to send money , primary education or less (% ages 15+)","The percentage of respondents who report using a mobile phone or the Internet to send money to a relative or friend in the past year, primary education or less (% ages 15+)","The percentage of respondents who report using a mobile phone or the Internet to send money to a relative or friend in the past year, primary education or less (% ages 15+)",Global Findex database,Usage,Global Findex,Percent,Triennial,2021 variable,Weighted average,https://datacatalog.worldbank.org/public-licenses#cc-by
fin14a1.d.9,CC BY-4.0,"Used a mobile phone or the internet to send money , rural (% age 15+)","The percentage of respondents who report using a mobile phone or the Internet to send money to a relative or friend in the past year, rural (% age 15+)","The percentage of respondents who report using a mobile phone or the Internet to send money to a relative or friend in the past year, rural (% age 15+)",Global Findex database,Usage,Global Findex,Percent,Triennial,2021 variable,Weighted average,https://datacatalog.worldbank.org/public-licenses#cc-by
fin14a1.d.6,CC BY-4.0,"Used a mobile phone or the internet to send money , secondary education or more (% ages 15+)","The percentage of respondents who report using a mobile phone or the Internet to send money to a relative or friend in the past year, secondary education or more (% ages 15+)","The percentage of respondents who report using a mobile phone or the Internet to send money to a relative or friend in the past year, secondary education or more (% ages 15+)",Global Findex database,Usage,Global Findex,Percent,Triennial,2021 variable,Weighted average,https://datacatalog.worldbank.org/public-licenses#cc-by
fin14a1.d.10,CC BY-4.0,"Used a mobile phone or the internet to send money , urban (% age 15+)","The percentage of respondents who report using a mobile phone or the Internet to send money to a relative or friend in the past year, urban (% age 15+)","The percentage of respondents who report using a mobile phone or the Internet to send money to a relative or friend in the past year, urban (% age 15+)",Global Findex database,Usage,Global Findex,Percent,Triennial,2021 variable,Weighted average,https://datacatalog.worldbank.org/public-licenses#cc-by
fin14a1.d.3,CC BY-4.0,"Used a mobile phone or the internet to send money , young (% ages 15-24)","The percentage of respondents who report using a mobile phone or the Internet to send money to a relative or friend in the past year, young (% ages 15-24)","The percentage of respondents who report using a mobile phone or the Internet to send money to a relative or friend in the past year, young (% ages 15-24)",Global Findex database,Usage,Global Findex,Percent,Triennial,2021 variable,Weighted average,https://datacatalog.worldbank.org/public-licenses#cc-by
Internet,CC BY-4.0,Has access to the Internet (% age 15+),The percentage of respondents who report having access to the Internet.,The percentage of respondents who report having access to the Internet.,Global Findex database,Access,Global Findex,Percent,Triennial,2021 variable,Weighted average,https://datacatalog.worldbank.org/public-licenses#cc-by
fin14c2.cash.s,CC BY-4.0,"Made a cash payment upon delivery for an online purchase (% of internet purchasers, age 15+)","Among respondents reporting making internet purchases, the percentage who report using cash only to pay upon delivery for an online purchase.","Among respondents reporting making internet purchases, the percentage who report using cash only to pay upon delivery for an online purchase.",Global Findex database,Usage,Global Findex,Percent,Triennial,2021 variable,Weighted average,https://datacatalog.worldbank.org/public-licenses#cc-by
fin14c.s,CC BY-4.0,"Made a digital online payment for an online purchase (% of internet purchasers, age 15+)","Among respondents reporting making internet purchases, the percentage who report using the internet to buy something online in the past year.","Among respondents reporting making internet purchases, the percentage who report using the internet to buy something online in the past year.",Global Findex database,Usage,Global Findex,Percent,Triennial,2021 variable,Weighted average,https://datacatalog.worldbank.org/public-licenses#cc-by
fin14c2.s,CC BY-4.0,"Made a digital online payment for an online purchase for the first time after COVID-19 started (% of internet purchasers, age 15+)","Among respondents reporting making internet purchases, the percentage who report that they did so for the first time after COVID-19 started.","Among respondents reporting making internet purchases, the percentage who report that they did so for the first time after COVID-19 started.",Global Findex database,Usage,Global Findex,Percent,Triennial,2021 variable,Weighted average,https://datacatalog.worldbank.org/public-licenses#cc-by
